Fecha,Set-Point,Distancia
13/08/2022 10:26:27 a. m. , 25 , 03 
13/08/2022 10:26:27 a. m. , 25 , 0
 
13/08/2022 10:26:27 a. m. , 25 , 04 
13/08/2022 10:26:27 a. m. , 25 , 04 
13/08/2022 10:26:27 a. m. , 25 , 04 
13/08/2022 10:26:27 a. m. , 25 , 04 
13/08/2022 10:26:27 a. m. , 25 , 04 
13/08/2022 10:26:27 a. m. , 25 , 04 
13/08/2022 10:26:27 a. m. , 25 , 04 
13/08/2022 10:26:27 a. m. , 25 , 04 
13/08/2022 10:26:27 a. m. , 25 , 04 
13/08/2022 10:26:27 a. m. , 25 , 04 
13/08/2022 10:26:28 a. m. , 25 , 04 
13/08/2022 10:26:28 a. m. , 25 , 04 
13/08/2022 10:26:28 a. m. , 25 , 03 
13/08/2022 10:26:28 a. m. , 25 , 03 
13/08/2022 10:26:28 a. m. , 25 , 04 
13/08/2022 10:26:28 a. m. , 25 , 04 
13/08/2022 10:26:28 a. m. , 25 , 04 
13/08/2022 10:26:28 a. m. , 25 , 03 
13/08/2022 10:26:28 a. m. , 25 , 03 
13/08/2022 10:26:28 a. m. , 25 , 03 
13/08/2022 10:26:28 a. m. , 25 , 04 
13/08/2022 10:26:28 a. m. , 25 , 04 
13/08/2022 10:26:28 a. m. , 25 , 03 
13/08/2022 10:26:28 a. m. , 25 , 03 
13/08/2022 10:26:28 a. m. , 25 , 04 
13/08/2022 10:26:28 a. m. , 25 , 04 
13/08/2022 10:26:28 a. m. , 25 , 03 
13/08/2022 10:26:28 a. m. , 25 , 03 
13/08/2022 10:26:28 a. m. , 25 , 03 
13/08/2022 10:26:28 a. m. , 25 , 03 
13/08/2022 10:26:29 a. m. , 25 , 03 
13/08/2022 10:26:29 a. m. , 25 , 03 
13/08/2022 10:26:29 a. m. , 25 , 03 
13/08/2022 10:26:29 a. m. , 25 , 03 
13/08/2022 10:26:29 a. m. , 25 , 03 
13/08/2022 10:26:29 a. m. , 25 , 03 
13/08/2022 10:26:29 a. m. , 25 , 03 
13/08/2022 10:26:29 a. m. , 25 , 03 
13/08/2022 10:26:29 a. m. , 25 , 03 
13/08/2022 10:26:29 a. m. , 25 , 03 
13/08/2022 10:26:29 a. m. , 25 , 03 
13/08/2022 10:26:29 a. m. , 25 , 03 
13/08/2022 10:26:29 a. m. , 25 , 03 
13/08/2022 10:26:29 a. m. , 25 , 03 
13/08/2022 10:26:29 a. m. , 25 , 03 
13/08/2022 10:26:29 a. m. , 25 , 03 
13/08/2022 10:26:29 a. m. , 25 , 03 
13/08/2022 10:26:29 a. m. , 25 , 03 
13/08/2022 10:26:29 a. m. , 25 , 03 
13/08/2022 10:26:29 a. m. , 25 , 03 
13/08/2022 10:26:30 a. m. , 25 , 03 
13/08/2022 10:26:30 a. m. , 25 , 03 
13/08/2022 10:26:30 a. m. , 25 , 03 
13/08/2022 10:26:30 a. m. , 25 , 03 
13/08/2022 10:26:30 a. m. , 25 , 03 
13/08/2022 10:26:30 a. m. , 25 , 03 
13/08/2022 10:26:30 a. m. , 25 , 03 
13/08/2022 10:26:30 a. m. , 25 , 03 
13/08/2022 10:26:30 a. m. , 25 , 03 
13/08/2022 10:26:30 a. m. , 25 , 03 
13/08/2022 10:26:30 a. m. , 25 , 03 
13/08/2022 10:26:30 a. m. , 25 , 03 
13/08/2022 10:26:30 a. m. , 25 , 03 
13/08/2022 10:26:30 a. m. , 25 , 03 
13/08/2022 10:26:30 a. m. , 25 , 03 
13/08/2022 10:26:30 a. m. , 25 , 03 
13/08/2022 10:26:30 a. m. , 25 , 03 
13/08/2022 10:26:30 a. m. , 25 , 03 
13/08/2022 10:26:30 a. m. , 25 , 03 
13/08/2022 10:26:30 a. m. , 25 , 03 
13/08/2022 10:26:31 a. m. , 25 , 03 
13/08/2022 10:26:31 a. m. , 25 , 03 
13/08/2022 10:26:31 a. m. , 25 , 03 
13/08/2022 10:26:31 a. m. , 25 , 03 
13/08/2022 10:26:31 a. m. , 25 , 03 
13/08/2022 10:26:31 a. m. , 25 , 03 
13/08/2022 10:26:31 a. m. , 25 , 03 
13/08/2022 10:26:31 a. m. , 25 , 03 
13/08/2022 10:26:31 a. m. , 25 , 03 
13/08/2022 10:26:31 a. m. , 25 , 03 
13/08/2022 10:26:31 a. m. , 25 , 03 
13/08/2022 10:26:31 a. m. , 25 , 03 
13/08/2022 10:26:31 a. m. , 25 , 03 
13/08/2022 10:26:31 a. m. , 25 , 03 
13/08/2022 10:26:31 a. m. , 25 , 03 
13/08/2022 10:26:31 a. m. , 25 , 03 
13/08/2022 10:26:31 a. m. , 25 , 03 
13/08/2022 10:26:31 a. m. , 25 , 04 
13/08/2022 10:26:31 a. m. , 25 , 03 
13/08/2022 10:26:31 a. m. , 25 , 03 
13/08/2022 10:26:32 a. m. , 25 , 04 
13/08/2022 10:26:32 a. m. , 25 , 03 
13/08/2022 10:26:32 a. m. , 25 , 04 
13/08/2022 10:26:32 a. m. , 25 , 04 
13/08/2022 10:26:32 a. m. , 25 , 03 
13/08/2022 10:26:32 a. m. , 25 , 04 
13/08/2022 10:26:32 a. m. , 25 , 03 
13/08/2022 10:26:32 a. m. , 25 , 04 
13/08/2022 10:26:32 a. m. , 25 , 03 
13/08/2022 10:26:32 a. m. , 25 , 04 
13/08/2022 10:26:32 a. m. , 25 , 03 
13/08/2022 10:26:32 a. m. , 25 , 04 
13/08/2022 10:26:32 a. m. , 25 , 04 
13/08/2022 10:26:32 a. m. , 25 , 03 
13/08/2022 10:26:32 a. m. , 25 , 04 
13/08/2022 10:26:32 a. m. , 25 , 03 
13/08/2022 10:26:32 a. m. , 25 , 04 
13/08/2022 10:26:32 a. m. , 25 , 04 
13/08/2022 10:26:32 a. m. , 25 , 03 
13/08/2022 10:26:32 a. m. , 25 , 04 
13/08/2022 10:26:33 a. m. , 25 , 03 
13/08/2022 10:26:33 a. m. , 25 , 03 
13/08/2022 10:26:33 a. m. , 25 , 04 
13/08/2022 10:26:33 a. m. , 25 , 03 
13/08/2022 10:26:33 a. m. , 25 , 04 
13/08/2022 10:26:33 a. m. , 25 , 04 
13/08/2022 10:26:33 a. m. , 25 , 03 
13/08/2022 10:26:33 a. m. , 25 , 04 
13/08/2022 10:26:33 a. m. , 25 , 03 
13/08/2022 10:26:33 a. m. , 25 , 04 
13/08/2022 10:26:33 a. m. , 25 , 04 
13/08/2022 10:26:33 a. m. , 25 , 04 
13/08/2022 10:26:33 a. m. , 25 , 04 
13/08/2022 10:26:33 a. m. , 25 , 04 
13/08/2022 10:26:33 a. m. , 25 , 04 
13/08/2022 10:26:33 a. m. , 25 , 04 
13/08/2022 10:26:33 a. m. , 25 , 04 
13/08/2022 10:26:33 a. m. , 25 , 03 
13/08/2022 10:26:33 a. m. , 25 , 04 
13/08/2022 10:26:33 a. m. , 25 , 04 
13/08/2022 10:26:34 a. m. , 25 , 04 
13/08/2022 10:26:34 a. m. , 25 , 04 
13/08/2022 10:26:34 a. m. , 25 , 04 
13/08/2022 10:26:34 a. m. , 25 , 04 
13/08/2022 10:26:34 a. m. , 25 , 04 
13/08/2022 10:26:34 a. m. , 25 , 03 
13/08/2022 10:26:34 a. m. , 25 , 06 
13/08/2022 10:26:34 a. m. , 25 , 04 
13/08/2022 10:26:34 a. m. , 25 , 03 
13/08/2022 10:26:34 a. m. , 25 , 03 
13/08/2022 10:26:34 a. m. , 25 , 03 
13/08/2022 10:26:34 a. m. , 25 , 04 
13/08/2022 10:26:34 a. m. , 25 , 04 
13/08/2022 10:26:34 a. m. , 25 , 06 
13/08/2022 10:26:34 a. m. , 25 , 07 
13/08/2022 10:26:34 a. m. , 25 , 08 
13/08/2022 10:26:34 a. m. , 25 , 08 
13/08/2022 10:26:34 a. m. , 25 , 08 
13/08/2022 10:26:34 a. m. , 25 , 09 
13/08/2022 10:26:34 a. m. , 25 , 11 
13/08/2022 10:26:35 a. m. , 25 , 13 
13/08/2022 10:26:35 a. m. , 25 , 15 
13/08/2022 10:26:35 a. m. , 25 , 14 
13/08/2022 10:26:35 a. m. , 25 , 14 
13/08/2022 10:26:35 a. m. , 25 , 15 
13/08/2022 10:26:35 a. m. , 25 , 15 
13/08/2022 10:26:35 a. m. , 25 , 16 
13/08/2022 10:26:35 a. m. , 25 , 17 
13/08/2022 10:26:35 a. m. , 25 , 18 
13/08/2022 10:26:35 a. m. , 25 , 17 
13/08/2022 10:26:35 a. m. , 25 , 19 
13/08/2022 10:26:35 a. m. , 25 , 19 
13/08/2022 10:26:35 a. m. , 25 , 19 
13/08/2022 10:26:35 a. m. , 25 , 20 
13/08/2022 10:26:35 a. m. , 25 , 20 
13/08/2022 10:26:35 a. m. , 25 , 20 
13/08/2022 10:26:35 a. m. , 25 , 21 
13/08/2022 10:26:35 a. m. , 25 , 20 
13/08/2022 10:26:35 a. m. , 25 , 20 
13/08/2022 10:26:35 a. m. , 25 , 21 
13/08/2022 10:26:36 a. m. , 25 , 21 
13/08/2022 10:26:36 a. m. , 25 , 21 
13/08/2022 10:26:36 a. m. , 25 , 21 
13/08/2022 10:26:36 a. m. , 25 , 21 
13/08/2022 10:26:36 a. m. , 25 , 21 
13/08/2022 10:26:36 a. m. , 25 , 22 
13/08/2022 10:26:36 a. m. , 25 , 22 
13/08/2022 10:26:36 a. m. , 25 , 22 
13/08/2022 10:26:36 a. m. , 25 , 23 
13/08/2022 10:26:36 a. m. , 25 , 23 
13/08/2022 10:26:36 a. m. , 25 , 23 
13/08/2022 10:26:36 a. m. , 25 , 22 
13/08/2022 10:26:36 a. m. , 25 , 22 
13/08/2022 10:26:36 a. m. , 25 , 23 
13/08/2022 10:26:36 a. m. , 25 , 22 
13/08/2022 10:26:36 a. m. , 25 , 22 
13/08/2022 10:26:36 a. m. , 25 , 23 
13/08/2022 10:26:36 a. m. , 25 , 23 
13/08/2022 10:26:36 a. m. , 25 , 23 
13/08/2022 10:26:36 a. m. , 25 , 23 
13/08/2022 10:26:37 a. m. , 25 , 23 
13/08/2022 10:26:37 a. m. , 25 , 23 
13/08/2022 10:26:37 a. m. , 25 , 23 
13/08/2022 10:26:37 a. m. , 25 , 22 
13/08/2022 10:26:37 a. m. , 25 , 23 
13/08/2022 10:26:37 a. m. , 25 , 23 
13/08/2022 10:26:37 a. m. , 25 , 23 
13/08/2022 10:26:37 a. m. , 25 , 23 
13/08/2022 10:26:37 a. m. , 25 , 23 
13/08/2022 10:26:37 a. m. , 25 , 23 
13/08/2022 10:26:37 a. m. , 25 , 23 
13/08/2022 10:26:37 a. m. , 25 , 23 
13/08/2022 10:26:37 a. m. , 25 , 23 
13/08/2022 10:26:37 a. m. , 25 , 23 
13/08/2022 10:26:37 a. m. , 25 , 23 
13/08/2022 10:26:37 a. m. , 25 , 23 
13/08/2022 10:26:37 a. m. , 25 , 24 
13/08/2022 10:26:37 a. m. , 25 , 23 
13/08/2022 10:26:37 a. m. , 25 , 24 
13/08/2022 10:26:37 a. m. , 25 , 24 
13/08/2022 10:26:38 a. m. , 25 , 24 
13/08/2022 10:26:38 a. m. , 25 , 24 
13/08/2022 10:26:38 a. m. , 25 , 25 
13/08/2022 10:26:38 a. m. , 25 , 25 
13/08/2022 10:26:38 a. m. , 25 , 25 
13/08/2022 10:26:38 a. m. , 25 , 25 
13/08/2022 10:26:38 a. m. , 25 , 25 
13/08/2022 10:26:38 a. m. , 25 , 25 
13/08/2022 10:26:38 a. m. , 25 , 24 
13/08/2022 10:26:38 a. m. , 25 , 25 
13/08/2022 10:26:38 a. m. , 25 , 25 
13/08/2022 10:26:38 a. m. , 25 , 25 
13/08/2022 10:26:38 a. m. , 25 , 25 
13/08/2022 10:26:38 a. m. , 25 , 25 
13/08/2022 10:26:38 a. m. , 25 , 25 
13/08/2022 10:26:38 a. m. , 25 , 25 
13/08/2022 10:26:38 a. m. , 25 , 26 
13/08/2022 10:26:38 a. m. , 25 , 26 
13/08/2022 10:26:38 a. m. , 25 , 26 
13/08/2022 10:26:38 a. m. , 25 , 26 
13/08/2022 10:26:39 a. m. , 25 , 26 
13/08/2022 10:26:39 a. m. , 25 , 26 
13/08/2022 10:26:39 a. m. , 25 , 26 
13/08/2022 10:26:39 a. m. , 25 , 26 
13/08/2022 10:26:39 a. m. , 25 , 26 
13/08/2022 10:26:39 a. m. , 25 , 26 
13/08/2022 10:26:39 a. m. , 25 , 26 
13/08/2022 10:26:39 a. m. , 25 , 26 
13/08/2022 10:26:39 a. m. , 25 , 26 
13/08/2022 10:26:39 a. m. , 25 , 26 
13/08/2022 10:26:39 a. m. , 25 , 26 
13/08/2022 10:26:39 a. m. , 25 , 26 
13/08/2022 10:26:39 a. m. , 25 , 26 
13/08/2022 10:26:39 a. m. , 25 , 26 
13/08/2022 10:26:39 a. m. , 25 , 26 
13/08/2022 10:26:39 a. m. , 25 , 26 
13/08/2022 10:26:39 a. m. , 25 , 26 
13/08/2022 10:26:39 a. m. , 25 , 26 
13/08/2022 10:26:39 a. m. , 25 , 26 
13/08/2022 10:26:39 a. m. , 25 , 26 
13/08/2022 10:26:40 a. m. , 25 , 26 
13/08/2022 10:26:40 a. m. , 25 , 26 
13/08/2022 10:26:40 a. m. , 25 , 26 
13/08/2022 10:26:40 a. m. , 25 , 26 
13/08/2022 10:26:40 a. m. , 25 , 26 
13/08/2022 10:26:40 a. m. , 25 , 26 
13/08/2022 10:26:40 a. m. , 25 , 26 
13/08/2022 10:26:40 a. m. , 25 , 26 
13/08/2022 10:26:40 a. m. , 25 , 26 
13/08/2022 10:26:40 a. m. , 25 , 26 
13/08/2022 10:26:40 a. m. , 25 , 26 
13/08/2022 10:26:40 a. m. , 25 , 26 
13/08/2022 10:26:40 a. m. , 25 , 26 
13/08/2022 10:26:40 a. m. , 25 , 26 
13/08/2022 10:26:40 a. m. , 25 , 26 
13/08/2022 10:26:40 a. m. , 25 , 26 
13/08/2022 10:26:40 a. m. , 25 , 26 
13/08/2022 10:26:40 a. m. , 25 , 26 
13/08/2022 10:26:40 a. m. , 25 , 26 
13/08/2022 10:26:40 a. m. , 25 , 26 
13/08/2022 10:26:41 a. m. , 25 , 26 
13/08/2022 10:26:41 a. m. , 25 , 26 
13/08/2022 10:26:41 a. m. , 25 , 26 
13/08/2022 10:26:41 a. m. , 25 , 26 
13/08/2022 10:26:41 a. m. , 25 , 26 
13/08/2022 10:26:41 a. m. , 25 , 26 
13/08/2022 10:26:41 a. m. , 25 , 26 
13/08/2022 10:26:41 a. m. , 25 , 26 
13/08/2022 10:26:41 a. m. , 25 , 26 
13/08/2022 10:26:41 a. m. , 25 , 26 
13/08/2022 10:26:41 a. m. , 25 , 26 
13/08/2022 10:26:41 a. m. , 25 , 26 
13/08/2022 10:26:41 a. m. , 25 , 26 
13/08/2022 10:26:41 a. m. , 25 , 26 
13/08/2022 10:26:41 a. m. , 25 , 26 
13/08/2022 10:26:41 a. m. , 30 , 26 
13/08/2022 10:26:41 a. m. , 30 , 26 
13/08/2022 10:26:41 a. m. , 30 , 26 
13/08/2022 10:26:41 a. m. , 30 , 26 
13/08/2022 10:26:41 a. m. , 30 , 26 
13/08/2022 10:26:42 a. m. , 30 , 26 
13/08/2022 10:26:42 a. m. , 30 , 26 
13/08/2022 10:26:42 a. m. , 30 , 26 
13/08/2022 10:26:42 a. m. , 30 , 26 
13/08/2022 10:26:42 a. m. , 30 , 26 
13/08/2022 10:26:42 a. m. , 30 , 26 
13/08/2022 10:26:42 a. m. , 30 , 26 
13/08/2022 10:26:42 a. m. , 30 , 26 
13/08/2022 10:26:42 a. m. , 30 , 26 
13/08/2022 10:26:42 a. m. , 30 , 26 
13/08/2022 10:26:42 a. m. , 30 , 26 
13/08/2022 10:26:42 a. m. , 30 , 26 
13/08/2022 10:26:42 a. m. , 30 , 26 
13/08/2022 10:26:42 a. m. , 30 , 26 
13/08/2022 10:26:42 a. m. , 30 , 26 
13/08/2022 10:26:42 a. m. , 30 , 26 
13/08/2022 10:26:42 a. m. , 30 , 26 
13/08/2022 10:26:42 a. m. , 30 , 26 
13/08/2022 10:26:42 a. m. , 30 , 26 
13/08/2022 10:26:42 a. m. , 30 , 26 
13/08/2022 10:26:43 a. m. , 30 , 26 
13/08/2022 10:26:43 a. m. , 30 , 26 
13/08/2022 10:26:43 a. m. , 30 , 26 
13/08/2022 10:26:43 a. m. , 30 , 26 
13/08/2022 10:26:43 a. m. , 30 , 26 
13/08/2022 10:26:43 a. m. , 30 , 26 
13/08/2022 10:26:43 a. m. , 30 , 26 
13/08/2022 10:26:43 a. m. , 30 , 26 
13/08/2022 10:26:43 a. m. , 30 , 25 
13/08/2022 10:26:43 a. m. , 30 , 26 
13/08/2022 10:26:43 a. m. , 30 , 26 
13/08/2022 10:26:43 a. m. , 30 , 26 
13/08/2022 10:26:43 a. m. , 30 , 26 
13/08/2022 10:26:43 a. m. , 30 , 26 
13/08/2022 10:26:43 a. m. , 30 , 26 
13/08/2022 10:26:43 a. m. , 30 , 26 
13/08/2022 10:26:43 a. m. , 30 , 26 
13/08/2022 10:26:43 a. m. , 30 , 25 
13/08/2022 10:26:43 a. m. , 30 , 26 
13/08/2022 10:26:43 a. m. , 30 , 26 
13/08/2022 10:26:44 a. m. , 30 , 26 
13/08/2022 10:26:44 a. m. , 30 , 26 
13/08/2022 10:26:44 a. m. , 30 , 26 
13/08/2022 10:26:44 a. m. , 30 , 26 
13/08/2022 10:26:44 a. m. , 30 , 26 
13/08/2022 10:26:44 a. m. , 30 , 26 
13/08/2022 10:26:44 a. m. , 30 , 25 
13/08/2022 10:26:44 a. m. , 30 , 26 
13/08/2022 10:26:44 a. m. , 30 , 26 
13/08/2022 10:26:44 a. m. , 30 , 26 
13/08/2022 10:26:44 a. m. , 30 , 26 
13/08/2022 10:26:44 a. m. , 30 , 26 
13/08/2022 10:26:44 a. m. , 30 , 26 
13/08/2022 10:26:44 a. m. , 30 , 25 
13/08/2022 10:26:44 a. m. , 30 , 26 
13/08/2022 10:26:44 a. m. , 30 , 25 
13/08/2022 10:26:44 a. m. , 30 , 26 
13/08/2022 10:26:44 a. m. , 30 , 26 
13/08/2022 10:26:44 a. m. , 30 , 26 
13/08/2022 10:26:44 a. m. , 30 , 26 
13/08/2022 10:26:45 a. m. , 30 , 26 
13/08/2022 10:26:45 a. m. , 30 , 26 
13/08/2022 10:26:45 a. m. , 30 , 25 
13/08/2022 10:26:45 a. m. , 30 , 26 
13/08/2022 10:26:45 a. m. , 30 , 26 
13/08/2022 10:26:45 a. m. , 30 , 26 
13/08/2022 10:26:45 a. m. , 30 , 26 
13/08/2022 10:26:45 a. m. , 30 , 26 
13/08/2022 10:26:45 a. m. , 30 , 26 
13/08/2022 10:26:45 a. m. , 30 , 26 
13/08/2022 10:26:45 a. m. , 30 , 26 
13/08/2022 10:26:45 a. m. , 30 , 25 
13/08/2022 10:26:45 a. m. , 30 , 26 
13/08/2022 10:26:45 a. m. , 30 , 26 
13/08/2022 10:26:45 a. m. , 30 , 26 
13/08/2022 10:26:45 a. m. , 30 , 26 
13/08/2022 10:26:45 a. m. , 30 , 26 
13/08/2022 10:26:45 a. m. , 30 , 26 
13/08/2022 10:26:45 a. m. , 30 , 25 
13/08/2022 10:26:45 a. m. , 30 , 26 
13/08/2022 10:26:46 a. m. , 30 , 25 
13/08/2022 10:26:46 a. m. , 30 , 26 
13/08/2022 10:26:46 a. m. , 30 , 26 
13/08/2022 10:26:46 a. m. , 30 , 26 
13/08/2022 10:26:46 a. m. , 30 , 26 
13/08/2022 10:26:46 a. m. , 30 , 26 
13/08/2022 10:26:46 a. m. , 30 , 25 
13/08/2022 10:26:46 a. m. , 30 , 25 
13/08/2022 10:26:46 a. m. , 30 , 25 
13/08/2022 10:26:46 a. m. , 30 , 25 
13/08/2022 10:26:46 a. m. , 30 , 26 
13/08/2022 10:26:46 a. m. , 30 , 26 
13/08/2022 10:26:46 a. m. , 30 , 26 
13/08/2022 10:26:46 a. m. , 30 , 26 
13/08/2022 10:26:46 a. m. , 30 , 26 
13/08/2022 10:26:46 a. m. , 30 , 26 
13/08/2022 10:26:46 a. m. , 30 , 26 
13/08/2022 10:26:46 a. m. , 30 , 27 
13/08/2022 10:26:46 a. m. , 30 , 27 
13/08/2022 10:26:46 a. m. , 30 , 27 
13/08/2022 10:26:47 a. m. , 30 , 27 
13/08/2022 10:26:47 a. m. , 30 , 27 
13/08/2022 10:26:47 a. m. , 30 , 27 
13/08/2022 10:26:47 a. m. , 30 , 27 
13/08/2022 10:26:47 a. m. , 30 , 27 
13/08/2022 10:26:47 a. m. , 30 , 27 
13/08/2022 10:26:47 a. m. , 30 , 27 
13/08/2022 10:26:47 a. m. , 30 , 27 
13/08/2022 10:26:47 a. m. , 30 , 27 
13/08/2022 10:26:47 a. m. , 30 , 27 
13/08/2022 10:26:47 a. m. , 30 , 27 
13/08/2022 10:26:47 a. m. , 30 , 27 
13/08/2022 10:26:47 a. m. , 30 , 27 
13/08/2022 10:26:47 a. m. , 30 , 27 
13/08/2022 10:26:47 a. m. , 30 , 27 
13/08/2022 10:26:47 a. m. , 30 , 27 
13/08/2022 10:26:47 a. m. , 30 , 27 
13/08/2022 10:26:47 a. m. , 30 , 27 
13/08/2022 10:26:47 a. m. , 30 , 27 
13/08/2022 10:26:47 a. m. , 30 , 27 
13/08/2022 10:26:48 a. m. , 30 , 27 
13/08/2022 10:26:48 a. m. , 30 , 27 
13/08/2022 10:26:48 a. m. , 30 , 27 
13/08/2022 10:26:48 a. m. , 30 , 27 
13/08/2022 10:26:48 a. m. , 30 , 27 
13/08/2022 10:26:48 a. m. , 30 , 27 
13/08/2022 10:26:48 a. m. , 30 , 27 
13/08/2022 10:26:48 a. m. , 30 , 27 
13/08/2022 10:26:48 a. m. , 30 , 27 
13/08/2022 10:26:48 a. m. , 30 , 27 
13/08/2022 10:26:48 a. m. , 30 , 27 
13/08/2022 10:26:48 a. m. , 30 , 27 
13/08/2022 10:26:48 a. m. , 30 , 28 
13/08/2022 10:26:48 a. m. , 30 , 27 
13/08/2022 10:26:48 a. m. , 30 , 27 
13/08/2022 10:26:48 a. m. , 30 , 27 
13/08/2022 10:26:48 a. m. , 30 , 27 
13/08/2022 10:26:48 a. m. , 30 , 27 
13/08/2022 10:26:48 a. m. , 30 , 27 
13/08/2022 10:26:48 a. m. , 30 , 27 
13/08/2022 10:26:49 a. m. , 30 , 28 
13/08/2022 10:26:49 a. m. , 30 , 28 
13/08/2022 10:26:49 a. m. , 30 , 27 
13/08/2022 10:26:49 a. m. , 30 , 28 
13/08/2022 10:26:49 a. m. , 30 , 28 
13/08/2022 10:26:49 a. m. , 30 , 27 
13/08/2022 10:26:49 a. m. , 30 , 27 
13/08/2022 10:26:49 a. m. , 30 , 27 
13/08/2022 10:26:49 a. m. , 30 , 27 
13/08/2022 10:26:49 a. m. , 30 , 28 
13/08/2022 10:26:49 a. m. , 30 , 28 
13/08/2022 10:26:49 a. m. , 30 , 28 
13/08/2022 10:26:49 a. m. , 30 , 28 
13/08/2022 10:26:49 a. m. , 30 , 29 
13/08/2022 10:26:49 a. m. , 30 , 28 
13/08/2022 10:26:49 a. m. , 30 , 28 
13/08/2022 10:26:49 a. m. , 30 , 28 
13/08/2022 10:26:49 a. m. , 30 , 28 
13/08/2022 10:26:49 a. m. , 30 , 29 
13/08/2022 10:26:49 a. m. , 30 , 29 
13/08/2022 10:26:50 a. m. , 30 , 29 
13/08/2022 10:26:50 a. m. , 30 , 29 
13/08/2022 10:26:50 a. m. , 30 , 29 
13/08/2022 10:26:50 a. m. , 30 , 29 
13/08/2022 10:26:50 a. m. , 30 , 29 
13/08/2022 10:26:50 a. m. , 30 , 29 
13/08/2022 10:26:50 a. m. , 30 , 29 
13/08/2022 10:26:50 a. m. , 30 , 29 
13/08/2022 10:26:50 a. m. , 30 , 29 
13/08/2022 10:26:50 a. m. , 30 , 29 
13/08/2022 10:26:50 a. m. , 30 , 29 
13/08/2022 10:26:50 a. m. , 30 , 29 
13/08/2022 10:26:50 a. m. , 30 , 29 
13/08/2022 10:26:50 a. m. , 30 , 29 
13/08/2022 10:26:50 a. m. , 30 , 29 
13/08/2022 10:26:50 a. m. , 30 , 29 
13/08/2022 10:26:50 a. m. , 30 , 29 
13/08/2022 10:26:50 a. m. , 30 , 29 
13/08/2022 10:26:50 a. m. , 30 , 29 
13/08/2022 10:26:50 a. m. , 30 , 29 
13/08/2022 10:26:51 a. m. , 30 , 29 
13/08/2022 10:26:51 a. m. , 30 , 29 
13/08/2022 10:26:51 a. m. , 30 , 29 
13/08/2022 10:26:51 a. m. , 30 , 29 
13/08/2022 10:26:51 a. m. , 30 , 29 
13/08/2022 10:26:51 a. m. , 30 , 29 
13/08/2022 10:26:51 a. m. , 30 , 29 
13/08/2022 10:26:51 a. m. , 30 , 29 
13/08/2022 10:26:51 a. m. , 30 , 29 
13/08/2022 10:26:51 a. m. , 30 , 29 
13/08/2022 10:26:51 a. m. , 30 , 29 
13/08/2022 10:26:51 a. m. , 30 , 29 
13/08/2022 10:26:51 a. m. , 30 , 29 
13/08/2022 10:26:51 a. m. , 30 , 29 
13/08/2022 10:26:51 a. m. , 30 , 29 
13/08/2022 10:26:51 a. m. , 30 , 29 
13/08/2022 10:26:51 a. m. , 30 , 29 
13/08/2022 10:26:51 a. m. , 30 , 29 
13/08/2022 10:26:51 a. m. , 30 , 29 
13/08/2022 10:26:51 a. m. , 30 , 29 
13/08/2022 10:26:52 a. m. , 30 , 29 
13/08/2022 10:26:52 a. m. , 30 , 29 
13/08/2022 10:26:52 a. m. , 30 , 29 
13/08/2022 10:26:52 a. m. , 30 , 29 
13/08/2022 10:26:52 a. m. , 30 , 29 
13/08/2022 10:26:52 a. m. , 30 , 29 
13/08/2022 10:26:52 a. m. , 30 , 29 
13/08/2022 10:26:52 a. m. , 30 , 29 
13/08/2022 10:26:52 a. m. , 30 , 29 
13/08/2022 10:26:52 a. m. , 30 , 29 
13/08/2022 10:26:52 a. m. , 30 , 29 
13/08/2022 10:26:52 a. m. , 30 , 29 
13/08/2022 10:26:52 a. m. , 30 , 29 
13/08/2022 10:26:52 a. m. , 30 , 29 
13/08/2022 10:26:52 a. m. , 30 , 29 
13/08/2022 10:26:52 a. m. , 30 , 29 
13/08/2022 10:26:52 a. m. , 30 , 29 
13/08/2022 10:26:52 a. m. , 30 , 29 
13/08/2022 10:26:52 a. m. , 30 , 29 
13/08/2022 10:26:52 a. m. , 30 , 29 
13/08/2022 10:26:53 a. m. , 30 , 29 
13/08/2022 10:26:53 a. m. , 30 , 29 
13/08/2022 10:26:53 a. m. , 30 , 29 
13/08/2022 10:26:53 a. m. , 30 , 29 
13/08/2022 10:26:53 a. m. , 30 , 29 
13/08/2022 10:26:53 a. m. , 30 , 29 
13/08/2022 10:26:53 a. m. , 30 , 29 
13/08/2022 10:26:53 a. m. , 30 , 29 
13/08/2022 10:26:53 a. m. , 30 , 29 
13/08/2022 10:26:53 a. m. , 30 , 29 
13/08/2022 10:26:53 a. m. , 30 , 28 
13/08/2022 10:26:53 a. m. , 30 , 29 
13/08/2022 10:26:53 a. m. , 30 , 29 
13/08/2022 10:26:53 a. m. , 30 , 29 
13/08/2022 10:26:53 a. m. , 30 , 29 
13/08/2022 10:26:53 a. m. , 30 , 29 
13/08/2022 10:26:53 a. m. , 30 , 29 
13/08/2022 10:26:53 a. m. , 30 , 29 
13/08/2022 10:26:53 a. m. , 30 , 29 
13/08/2022 10:26:53 a. m. , 30 , 29 
13/08/2022 10:26:54 a. m. , 30 , 29 
13/08/2022 10:26:54 a. m. , 30 , 29 
13/08/2022 10:26:54 a. m. , 30 , 29 
13/08/2022 10:26:54 a. m. , 30 , 29 
13/08/2022 10:26:54 a. m. , 30 , 29 
13/08/2022 10:26:54 a. m. , 30 , 27 
13/08/2022 10:26:54 a. m. , 30 , 25 
13/08/2022 10:26:54 a. m. , 30 , 23 
13/08/2022 10:26:54 a. m. , 30 , 22 
13/08/2022 10:26:54 a. m. , 30 , 21 
13/08/2022 10:26:54 a. m. , 30 , 20 
13/08/2022 10:26:54 a. m. , 30 , 19 
13/08/2022 10:26:54 a. m. , 30 , 18 
13/08/2022 10:26:54 a. m. , 30 , 18 
13/08/2022 10:26:54 a. m. , 30 , 19 
13/08/2022 10:26:54 a. m. , 30 , 18 
13/08/2022 10:26:54 a. m. , 30 , 18 
13/08/2022 10:26:54 a. m. , 30 , 18 
13/08/2022 10:26:54 a. m. , 30 , 19 
13/08/2022 10:26:54 a. m. , 30 , 20 
13/08/2022 10:26:55 a. m. , 30 , 21 
13/08/2022 10:26:55 a. m. , 30 , 22 
13/08/2022 10:26:55 a. m. , 30 , 23 
13/08/2022 10:26:55 a. m. , 30 , 25 
13/08/2022 10:26:55 a. m. , 30 , 26 
13/08/2022 10:26:55 a. m. , 30 , 28 
13/08/2022 10:26:55 a. m. , 30 , 29 
13/08/2022 10:26:55 a. m. , 30 , 31 
13/08/2022 10:26:55 a. m. , 30 , 33 
13/08/2022 10:26:55 a. m. , 30 , 33 
13/08/2022 10:26:55 a. m. , 30 , 33 
13/08/2022 10:26:55 a. m. , 30 , 33 
13/08/2022 10:26:55 a. m. , 30 , 33 
13/08/2022 10:26:55 a. m. , 30 , 33 
13/08/2022 10:26:55 a. m. , 30 , 33 
13/08/2022 10:26:55 a. m. , 30 , 33 
13/08/2022 10:26:55 a. m. , 30 , 33 
13/08/2022 10:26:55 a. m. , 30 , 33 
13/08/2022 10:26:55 a. m. , 30 , 33 
13/08/2022 10:26:55 a. m. , 30 , 33 
13/08/2022 10:26:56 a. m. , 30 , 33 
13/08/2022 10:26:56 a. m. , 30 , 33 
13/08/2022 10:26:56 a. m. , 30 , 33 
13/08/2022 10:26:56 a. m. , 30 , 33 
13/08/2022 10:26:56 a. m. , 30 , 33 
13/08/2022 10:26:56 a. m. , 30 , 33 
13/08/2022 10:26:56 a. m. , 30 , 33 
13/08/2022 10:26:56 a. m. , 30 , 33 
13/08/2022 10:26:56 a. m. , 30 , 33 
13/08/2022 10:26:56 a. m. , 30 , 33 
13/08/2022 10:26:56 a. m. , 30 , 33 
13/08/2022 10:26:56 a. m. , 30 , 33 
13/08/2022 10:26:56 a. m. , 30 , 33 
13/08/2022 10:26:56 a. m. , 30 , 33 
13/08/2022 10:26:56 a. m. , 30 , 33 
13/08/2022 10:26:56 a. m. , 30 , 33 
13/08/2022 10:26:56 a. m. , 30 , 33 
13/08/2022 10:26:56 a. m. , 30 , 33 
13/08/2022 10:26:56 a. m. , 30 , 33 
13/08/2022 10:26:56 a. m. , 30 , 33 
13/08/2022 10:26:57 a. m. , 30 , 33 
13/08/2022 10:26:57 a. m. , 30 , 33 
13/08/2022 10:26:57 a. m. , 30 , 33 
13/08/2022 10:26:57 a. m. , 30 , 33 
13/08/2022 10:26:57 a. m. , 30 , 33 
13/08/2022 10:26:57 a. m. , 30 , 33 
13/08/2022 10:26:57 a. m. , 30 , 33 
13/08/2022 10:26:57 a. m. , 30 , 33 
13/08/2022 10:26:57 a. m. , 30 , 33 
13/08/2022 10:26:57 a. m. , 30 , 33 
13/08/2022 10:26:57 a. m. , 30 , 33 
13/08/2022 10:26:57 a. m. , 30 , 33 
13/08/2022 10:26:57 a. m. , 30 , 33 
13/08/2022 10:26:57 a. m. , 30 , 33 
13/08/2022 10:26:57 a. m. , 30 , 33 
13/08/2022 10:26:57 a. m. , 30 , 33 
13/08/2022 10:26:57 a. m. , 30 , 31 
13/08/2022 10:26:57 a. m. , 30 , 31 
13/08/2022 10:26:57 a. m. , 30 , 31 
13/08/2022 10:26:57 a. m. , 30 , 31 
13/08/2022 10:26:58 a. m. , 30 , 31 
13/08/2022 10:26:58 a. m. , 30 , 31 
13/08/2022 10:26:58 a. m. , 30 , 31 
13/08/2022 10:26:58 a. m. , 30 , 31 
13/08/2022 10:26:58 a. m. , 30 , 31 
13/08/2022 10:26:58 a. m. , 30 , 31 
13/08/2022 10:26:58 a. m. , 30 , 31 
13/08/2022 10:26:58 a. m. , 30 , 31 
13/08/2022 10:26:58 a. m. , 30 , 31 
13/08/2022 10:26:58 a. m. , 30 , 31 
13/08/2022 10:26:58 a. m. , 30 , 31 
13/08/2022 10:26:58 a. m. , 30 , 31 
13/08/2022 10:26:58 a. m. , 30 , 31 
13/08/2022 10:26:58 a. m. , 30 , 31 
13/08/2022 10:26:58 a. m. , 30 , 31 
13/08/2022 10:26:58 a. m. , 30 , 31 
13/08/2022 10:26:58 a. m. , 30 , 31 
13/08/2022 10:26:58 a. m. , 30 , 31 
13/08/2022 10:26:58 a. m. , 30 , 31 
13/08/2022 10:26:58 a. m. , 30 , 31 
13/08/2022 10:26:59 a. m. , 30 , 31 
13/08/2022 10:26:59 a. m. , 30 , 31 
13/08/2022 10:26:59 a. m. , 30 , 31 
13/08/2022 10:26:59 a. m. , 30 , 31 
13/08/2022 10:26:59 a. m. , 30 , 31 
13/08/2022 10:26:59 a. m. , 30 , 31 
13/08/2022 10:26:59 a. m. , 30 , 31 
13/08/2022 10:26:59 a. m. , 30 , 31 
13/08/2022 10:26:59 a. m. , 30 , 31 
13/08/2022 10:26:59 a. m. , 30 , 31 
13/08/2022 10:26:59 a. m. , 30 , 31 
13/08/2022 10:26:59 a. m. , 30 , 31 
13/08/2022 10:26:59 a. m. , 30 , 31 
13/08/2022 10:26:59 a. m. , 30 , 31 
13/08/2022 10:26:59 a. m. , 30 , 31 
13/08/2022 10:26:59 a. m. , 30 , 31 
13/08/2022 10:26:59 a. m. , 30 , 31 
13/08/2022 10:26:59 a. m. , 30 , 31 
13/08/2022 10:26:59 a. m. , 30 , 31 
13/08/2022 10:26:59 a. m. , 30 , 31 
13/08/2022 10:27:00 a. m. , 30 , 31 
13/08/2022 10:27:00 a. m. , 30 , 31 
13/08/2022 10:27:00 a. m. , 30 , 31 
13/08/2022 10:27:00 a. m. , 30 , 31 
13/08/2022 10:27:00 a. m. , 30 , 31 
13/08/2022 10:27:00 a. m. , 30 , 31 
13/08/2022 10:27:00 a. m. , 30 , 31 
13/08/2022 10:27:00 a. m. , 30 , 31 
13/08/2022 10:27:00 a. m. , 30 , 31 
13/08/2022 10:27:00 a. m. , 30 , 31 
13/08/2022 10:27:00 a. m. , 30 , 31 
13/08/2022 10:27:00 a. m. , 30 , 31 
13/08/2022 10:27:00 a. m. , 30 , 31 
13/08/2022 10:27:00 a. m. , 30 , 31 
13/08/2022 10:27:00 a. m. , 30 , 31 
13/08/2022 10:27:00 a. m. , 30 , 31 
13/08/2022 10:27:00 a. m. , 30 , 31 
13/08/2022 10:27:00 a. m. , 30 , 31 
13/08/2022 10:27:00 a. m. , 30 , 31 
13/08/2022 10:27:00 a. m. , 30 , 31 
13/08/2022 10:27:01 a. m. , 30 , 31 
13/08/2022 10:27:01 a. m. , 30 , 31 
13/08/2022 10:27:01 a. m. , 30 , 31 
13/08/2022 10:27:01 a. m. , 30 , 31 
13/08/2022 10:27:01 a. m. , 30 , 31 
13/08/2022 10:27:01 a. m. , 30 , 31 
13/08/2022 10:27:01 a. m. , 30 , 31 
13/08/2022 10:27:01 a. m. , 30 , 31 
13/08/2022 10:27:01 a. m. , 30 , 31 
13/08/2022 10:27:01 a. m. , 30 , 31 
13/08/2022 10:27:01 a. m. , 30 , 31 
13/08/2022 10:27:01 a. m. , 30 , 31 
13/08/2022 10:27:01 a. m. , 15 , 31 
13/08/2022 10:27:01 a. m. , 15 , 31 
13/08/2022 10:27:01 a. m. , 15 , 31 
13/08/2022 10:27:01 a. m. , 15 , 31 
13/08/2022 10:27:01 a. m. , 15 , 31 
13/08/2022 10:27:01 a. m. , 15 , 31 
13/08/2022 10:27:01 a. m. , 15 , 31 
13/08/2022 10:27:01 a. m. , 15 , 31 
13/08/2022 10:27:02 a. m. , 15 , 31 
13/08/2022 10:27:02 a. m. , 15 , 31 
13/08/2022 10:27:02 a. m. , 15 , 31 
13/08/2022 10:27:02 a. m. , 15 , 31 
13/08/2022 10:27:02 a. m. , 15 , 31 
13/08/2022 10:27:02 a. m. , 15 , 31 
13/08/2022 10:27:02 a. m. , 15 , 31 
13/08/2022 10:27:02 a. m. , 15 , 31 
13/08/2022 10:27:02 a. m. , 15 , 31 
13/08/2022 10:27:02 a. m. , 15 , 31 
13/08/2022 10:27:02 a. m. , 15 , 31 
13/08/2022 10:27:02 a. m. , 15 , 31 
13/08/2022 10:27:02 a. m. , 15 , 31 
13/08/2022 10:27:02 a. m. , 15 , 31 
13/08/2022 10:27:02 a. m. , 15 , 31 
13/08/2022 10:27:02 a. m. , 15 , 31 
13/08/2022 10:27:02 a. m. , 15 , 31 
13/08/2022 10:27:02 a. m. , 15 , 31 
13/08/2022 10:27:02 a. m. , 15 , 31 
13/08/2022 10:27:02 a. m. , 15 , 31 
13/08/2022 10:27:03 a. m. , 15 , 31 
13/08/2022 10:27:03 a. m. , 15 , 31 
13/08/2022 10:27:03 a. m. , 15 , 31 
13/08/2022 10:27:03 a. m. , 15 , 31 
13/08/2022 10:27:03 a. m. , 15 , 31 
13/08/2022 10:27:03 a. m. , 15 , 31 
13/08/2022 10:27:03 a. m. , 15 , 31 
13/08/2022 10:27:03 a. m. , 15 , 31 
13/08/2022 10:27:03 a. m. , 15 , 31 
13/08/2022 10:27:03 a. m. , 15 , 31 
13/08/2022 10:27:03 a. m. , 15 , 31 
13/08/2022 10:27:03 a. m. , 15 , 31 
13/08/2022 10:27:03 a. m. , 15 , 31 
13/08/2022 10:27:03 a. m. , 15 , 31 
13/08/2022 10:27:03 a. m. , 15 , 31 
13/08/2022 10:27:03 a. m. , 15 , 31 
13/08/2022 10:27:03 a. m. , 15 , 31 
13/08/2022 10:27:03 a. m. , 15 , 31 
13/08/2022 10:27:03 a. m. , 15 , 31 
13/08/2022 10:27:03 a. m. , 15 , 31 
13/08/2022 10:27:04 a. m. , 15 , 31 
13/08/2022 10:27:04 a. m. , 15 , 31 
13/08/2022 10:27:04 a. m. , 15 , 31 
13/08/2022 10:27:04 a. m. , 15 , 31 
13/08/2022 10:27:04 a. m. , 15 , 31 
13/08/2022 10:27:04 a. m. , 15 , 31 
13/08/2022 10:27:04 a. m. , 15 , 31 
13/08/2022 10:27:04 a. m. , 15 , 31 
13/08/2022 10:27:04 a. m. , 15 , 31 
13/08/2022 10:27:04 a. m. , 15 , 31 
13/08/2022 10:27:04 a. m. , 15 , 31 
13/08/2022 10:27:04 a. m. , 15 , 31 
13/08/2022 10:27:04 a. m. , 15 , 31 
13/08/2022 10:27:04 a. m. , 15 , 31 
13/08/2022 10:27:04 a. m. , 15 , 31 
13/08/2022 10:27:04 a. m. , 15 , 31 
13/08/2022 10:27:04 a. m. , 15 , 31 
13/08/2022 10:27:04 a. m. , 15 , 31 
13/08/2022 10:27:04 a. m. , 15 , 31 
13/08/2022 10:27:04 a. m. , 15 , 31 
13/08/2022 10:27:05 a. m. , 15 , 31 
13/08/2022 10:27:05 a. m. , 15 , 31 
13/08/2022 10:27:05 a. m. , 15 , 31 
13/08/2022 10:27:05 a. m. , 15 , 31 
13/08/2022 10:27:05 a. m. , 15 , 31 
13/08/2022 10:27:05 a. m. , 15 , 31 
13/08/2022 10:27:05 a. m. , 15 , 31 
13/08/2022 10:27:05 a. m. , 15 , 31 
13/08/2022 10:27:05 a. m. , 15 , 31 
13/08/2022 10:27:05 a. m. , 15 , 31 
13/08/2022 10:27:05 a. m. , 15 , 31 
13/08/2022 10:27:05 a. m. , 15 , 31 
13/08/2022 10:27:05 a. m. , 15 , 31 
13/08/2022 10:27:05 a. m. , 15 , 31 
13/08/2022 10:27:05 a. m. , 15 , 31 
13/08/2022 10:27:05 a. m. , 15 , 31 
13/08/2022 10:27:05 a. m. , 15 , 31 
13/08/2022 10:27:05 a. m. , 15 , 31 
13/08/2022 10:27:05 a. m. , 15 , 31 
13/08/2022 10:27:05 a. m. , 15 , 31 
13/08/2022 10:27:06 a. m. , 15 , 31 
13/08/2022 10:27:06 a. m. , 15 , 31 
13/08/2022 10:27:06 a. m. , 15 , 31 
13/08/2022 10:27:06 a. m. , 15 , 31 
13/08/2022 10:27:06 a. m. , 15 , 31 
13/08/2022 10:27:06 a. m. , 15 , 31 
13/08/2022 10:27:06 a. m. , 15 , 31 
13/08/2022 10:27:06 a. m. , 15 , 31 
13/08/2022 10:27:06 a. m. , 15 , 31 
13/08/2022 10:27:06 a. m. , 15 , 31 
13/08/2022 10:27:06 a. m. , 15 , 31 
13/08/2022 10:27:06 a. m. , 15 , 31 
13/08/2022 10:27:06 a. m. , 15 , 33 
13/08/2022 10:27:06 a. m. , 15 , 31 
13/08/2022 10:27:06 a. m. , 15 , 31 
13/08/2022 10:27:06 a. m. , 15 , 31 
13/08/2022 10:27:06 a. m. , 15 , 30 
13/08/2022 10:27:06 a. m. , 15 , 30 
13/08/2022 10:27:06 a. m. , 15 , 30 
13/08/2022 10:27:06 a. m. , 15 , 30 
13/08/2022 10:27:07 a. m. , 15 , 29 
13/08/2022 10:27:07 a. m. , 15 , 29 
13/08/2022 10:27:07 a. m. , 15 , 29 
13/08/2022 10:27:07 a. m. , 15 , 28 
13/08/2022 10:27:07 a. m. , 15 , 28 
13/08/2022 10:27:07 a. m. , 15 , 27 
13/08/2022 10:27:07 a. m. , 15 , 26 
13/08/2022 10:27:07 a. m. , 15 , 24 
13/08/2022 10:27:07 a. m. , 15 , 23 
13/08/2022 10:27:07 a. m. , 15 , 22 
13/08/2022 10:27:07 a. m. , 15 , 20 
13/08/2022 10:27:07 a. m. , 15 , 19 
13/08/2022 10:27:07 a. m. , 15 , 16 
13/08/2022 10:27:07 a. m. , 15 , 15 
13/08/2022 10:27:07 a. m. , 15 , 16 
13/08/2022 10:27:07 a. m. , 15 , 17 
13/08/2022 10:27:07 a. m. , 15 , 08 
13/08/2022 10:27:07 a. m. , 15 , 09 
13/08/2022 10:27:07 a. m. , 15 , 04 
13/08/2022 10:27:07 a. m. , 15 , 04 
13/08/2022 10:27:08 a. m. , 15 , 33 
13/08/2022 10:27:08 a. m. , 15 , 05 
13/08/2022 10:27:08 a. m. , 15 , 05 
13/08/2022 10:27:08 a. m. , 15 , 06 
13/08/2022 10:27:08 a. m. , 15 , 07 
13/08/2022 10:27:08 a. m. , 15 , 07 
13/08/2022 10:27:08 a. m. , 15 , 08 
13/08/2022 10:27:08 a. m. , 15 , 12 
13/08/2022 10:27:08 a. m. , 15 , 11 
13/08/2022 10:27:08 a. m. , 15 , 15 
13/08/2022 10:27:08 a. m. , 15 , 13 
13/08/2022 10:27:08 a. m. , 15 , 14 
13/08/2022 10:27:08 a. m. , 15 , 15 
13/08/2022 10:27:08 a. m. , 15 , 15 
13/08/2022 10:27:08 a. m. , 15 , 15 
13/08/2022 10:27:08 a. m. , 15 , 16 
13/08/2022 10:27:08 a. m. , 15 , 17 
13/08/2022 10:27:08 a. m. , 15 , 16 
13/08/2022 10:27:08 a. m. , 15 , 17 
13/08/2022 10:27:08 a. m. , 15 , 15 
13/08/2022 10:27:09 a. m. , 15 , 15 
13/08/2022 10:27:09 a. m. , 15 , 15 
13/08/2022 10:27:09 a. m. , 15 , 14 
13/08/2022 10:27:09 a. m. , 15 , 14 
13/08/2022 10:27:09 a. m. , 15 , 13 
13/08/2022 10:27:09 a. m. , 15 , 15 
13/08/2022 10:27:09 a. m. , 15 , 12 
13/08/2022 10:27:09 a. m. , 15 , 21 
13/08/2022 10:27:09 a. m. , 15 , 09 
13/08/2022 10:27:09 a. m. , 15 , 09 
13/08/2022 10:27:09 a. m. , 15 , 07 
13/08/2022 10:27:09 a. m. , 15 , 08 
13/08/2022 10:27:09 a. m. , 15 , 05 
13/08/2022 10:27:09 a. m. , 15 , 03 
13/08/2022 10:27:09 a. m. , 15 , 03 
13/08/2022 10:27:09 a. m. , 15 , 10 
13/08/2022 10:27:09 a. m. , 15 , 09 
13/08/2022 10:27:09 a. m. , 15 , 06 
13/08/2022 10:27:09 a. m. , 15 , 06 
13/08/2022 10:27:09 a. m. , 15 , 03 
13/08/2022 10:27:10 a. m. , 15 , 03 
13/08/2022 10:27:10 a. m. , 15 , 03 
13/08/2022 10:27:10 a. m. , 15 , 03 
13/08/2022 10:27:10 a. m. , 15 , 03 
13/08/2022 10:27:10 a. m. , 15 , 03 
13/08/2022 10:27:10 a. m. , 15 , 03 
13/08/2022 10:27:10 a. m. , 15 , 03 
13/08/2022 10:27:10 a. m. , 15 , 03 
13/08/2022 10:27:10 a. m. , 15 , 03 
13/08/2022 10:27:10 a. m. , 15 , 04 
13/08/2022 10:27:10 a. m. , 15 , 04 
13/08/2022 10:27:10 a. m. , 15 , 05 
13/08/2022 10:27:10 a. m. , 15 , 07 
13/08/2022 10:27:10 a. m. , 15 , 08 
13/08/2022 10:27:10 a. m. , 15 , 07 
13/08/2022 10:27:10 a. m. , 15 , 07 
13/08/2022 10:27:10 a. m. , 15 , 08 
13/08/2022 10:27:10 a. m. , 15 , 09 
13/08/2022 10:27:10 a. m. , 15 , 09 
13/08/2022 10:27:10 a. m. , 15 , 12 
13/08/2022 10:27:11 a. m. , 15 , 10 
13/08/2022 10:27:11 a. m. , 15 , 13 
13/08/2022 10:27:11 a. m. , 15 , 13 
13/08/2022 10:27:11 a. m. , 15 , 15 
13/08/2022 10:27:11 a. m. , 15 , 14 
13/08/2022 10:27:11 a. m. , 15 , 13 
13/08/2022 10:27:11 a. m. , 15 , 14 
13/08/2022 10:27:11 a. m. , 15 , 14 
13/08/2022 10:27:11 a. m. , 15 , 15 
13/08/2022 10:27:11 a. m. , 15 , 15 
13/08/2022 10:27:11 a. m. , 15 , 15 
13/08/2022 10:27:11 a. m. , 15 , 16 
13/08/2022 10:27:11 a. m. , 15 , 15 
13/08/2022 10:27:11 a. m. , 15 , 16 
13/08/2022 10:27:11 a. m. , 15 , 15 
13/08/2022 10:27:11 a. m. , 15 , 15 
13/08/2022 10:27:11 a. m. , 15 , 14 
13/08/2022 10:27:11 a. m. , 15 , 15 
13/08/2022 10:27:11 a. m. , 15 , 15 
13/08/2022 10:27:11 a. m. , 15 , 15 
13/08/2022 10:27:12 a. m. , 15 , 15 
13/08/2022 10:27:12 a. m. , 15 , 15 
13/08/2022 10:27:12 a. m. , 15 , 15 
13/08/2022 10:27:12 a. m. , 15 , 15 
13/08/2022 10:27:12 a. m. , 15 , 15 
13/08/2022 10:27:12 a. m. , 15 , 15 
13/08/2022 10:27:12 a. m. , 15 , 15 
13/08/2022 10:27:12 a. m. , 15 , 15 
13/08/2022 10:27:12 a. m. , 15 , 15 
13/08/2022 10:27:12 a. m. , 15 , 15 
13/08/2022 10:27:12 a. m. , 15 , 15 
13/08/2022 10:27:12 a. m. , 15 , 14 
13/08/2022 10:27:12 a. m. , 15 , 14 
13/08/2022 10:27:12 a. m. , 15 , 14 
13/08/2022 10:27:12 a. m. , 15 , 15 
13/08/2022 10:27:12 a. m. , 15 , 15 
13/08/2022 10:27:12 a. m. , 15 , 14 
13/08/2022 10:27:12 a. m. , 15 , 14 
13/08/2022 10:27:12 a. m. , 15 , 15 
13/08/2022 10:27:12 a. m. , 15 , 14 
13/08/2022 10:27:13 a. m. , 15 , 14 
13/08/2022 10:27:13 a. m. , 15 , 14 
13/08/2022 10:27:13 a. m. , 15 , 15 
13/08/2022 10:27:13 a. m. , 15 , 16 
13/08/2022 10:27:13 a. m. , 15 , 15 
13/08/2022 10:27:13 a. m. , 15 , 14 
13/08/2022 10:27:13 a. m. , 15 , 15 
13/08/2022 10:27:13 a. m. , 15 , 15 
13/08/2022 10:27:13 a. m. , 15 , 15 
13/08/2022 10:27:13 a. m. , 15 , 15 
13/08/2022 10:27:13 a. m. , 15 , 15 
13/08/2022 10:27:13 a. m. , 15 , 15 
13/08/2022 10:27:13 a. m. , 15 , 15 
13/08/2022 10:27:13 a. m. , 15 , 15 
13/08/2022 10:27:13 a. m. , 15 , 16 
13/08/2022 10:27:13 a. m. , 15 , 16 
13/08/2022 10:27:13 a. m. , 15 , 15 
13/08/2022 10:27:13 a. m. , 15 , 15 
13/08/2022 10:27:13 a. m. , 15 , 14 
13/08/2022 10:27:13 a. m. , 15 , 15 
13/08/2022 10:27:14 a. m. , 15 , 15 
13/08/2022 10:27:14 a. m. , 15 , 15 
13/08/2022 10:27:14 a. m. , 15 , 15 
13/08/2022 10:27:14 a. m. , 15 , 15 
13/08/2022 10:27:14 a. m. , 15 , 14 
13/08/2022 10:27:14 a. m. , 15 , 15 
13/08/2022 10:27:14 a. m. , 15 , 14 
13/08/2022 10:27:14 a. m. , 15 , 15 
13/08/2022 10:27:14 a. m. , 15 , 16 
13/08/2022 10:27:14 a. m. , 15 , 15 
13/08/2022 10:27:14 a. m. , 15 , 15 
13/08/2022 10:27:14 a. m. , 15 , 15 
13/08/2022 10:27:14 a. m. , 15 , 15 
13/08/2022 10:27:14 a. m. , 15 , 16 
13/08/2022 10:27:14 a. m. , 15 , 16 
13/08/2022 10:27:14 a. m. , 15 , 16 
13/08/2022 10:27:14 a. m. , 15 , 15 
13/08/2022 10:27:14 a. m. , 15 , 15 
13/08/2022 10:27:14 a. m. , 15 , 15 
13/08/2022 10:27:14 a. m. , 15 , 16 
13/08/2022 10:27:15 a. m. , 15 , 16 
13/08/2022 10:27:15 a. m. , 15 , 16 
13/08/2022 10:27:15 a. m. , 15 , 16 
13/08/2022 10:27:15 a. m. , 15 , 16 
13/08/2022 10:27:15 a. m. , 15 , 16 
13/08/2022 10:27:15 a. m. , 15 , 15 
13/08/2022 10:27:15 a. m. , 15 , 15 
13/08/2022 10:27:15 a. m. , 15 , 15 
13/08/2022 10:27:15 a. m. , 15 , 14 
13/08/2022 10:27:15 a. m. , 15 , 15 
13/08/2022 10:27:15 a. m. , 15 , 15 
13/08/2022 10:27:15 a. m. , 15 , 15 
13/08/2022 10:27:15 a. m. , 15 , 15 
13/08/2022 10:27:15 a. m. , 15 , 16 
13/08/2022 10:27:15 a. m. , 15 , 16 
13/08/2022 10:27:15 a. m. , 15 , 15 
13/08/2022 10:27:15 a. m. , 15 , 15 
13/08/2022 10:27:15 a. m. , 15 , 15 
13/08/2022 10:27:15 a. m. , 15 , 15 
13/08/2022 10:27:15 a. m. , 15 , 15 
13/08/2022 10:27:16 a. m. , 15 , 15 
13/08/2022 10:27:16 a. m. , 15 , 15 
13/08/2022 10:27:16 a. m. , 15 , 15 
13/08/2022 10:27:16 a. m. , 15 , 15 
13/08/2022 10:27:16 a. m. , 15 , 15 
13/08/2022 10:27:16 a. m. , 15 , 15 
13/08/2022 10:27:16 a. m. , 15 , 15 
13/08/2022 10:27:16 a. m. , 15 , 15 
13/08/2022 10:27:16 a. m. , 15 , 15 
13/08/2022 10:27:16 a. m. , 15 , 15 
13/08/2022 10:27:16 a. m. , 15 , 15 
13/08/2022 10:27:16 a. m. , 15 , 15 
13/08/2022 10:27:16 a. m. , 15 , 15 
13/08/2022 10:27:16 a. m. , 15 , 15 
13/08/2022 10:27:16 a. m. , 15 , 15 
13/08/2022 10:27:16 a. m. , 15 , 15 
13/08/2022 10:27:16 a. m. , 15 , 15 
13/08/2022 10:27:16 a. m. , 15 , 15 
13/08/2022 10:27:16 a. m. , 15 , 15 
13/08/2022 10:27:16 a. m. , 15 , 15 
13/08/2022 10:27:17 a. m. , 15 , 15 
13/08/2022 10:27:17 a. m. , 15 , 15 
13/08/2022 10:27:17 a. m. , 15 , 15 
13/08/2022 10:27:17 a. m. , 15 , 15 
13/08/2022 10:27:17 a. m. , 15 , 15 
13/08/2022 10:27:17 a. m. , 15 , 15 
13/08/2022 10:27:17 a. m. , 15 , 15 
13/08/2022 10:27:17 a. m. , 15 , 15 
13/08/2022 10:27:17 a. m. , 15 , 15 
13/08/2022 10:27:17 a. m. , 15 , 15 
13/08/2022 10:27:17 a. m. , 15 , 15 
13/08/2022 10:27:17 a. m. , 15 , 15 
13/08/2022 10:27:17 a. m. , 15 , 15 
13/08/2022 10:27:17 a. m. , 15 , 15 
13/08/2022 10:27:17 a. m. , 20 , 15 
13/08/2022 10:27:17 a. m. , 20 , 15 
13/08/2022 10:27:17 a. m. , 20 , 15 
13/08/2022 10:27:17 a. m. , 20 , 15 
13/08/2022 10:27:17 a. m. , 20 , 15 
13/08/2022 10:27:17 a. m. , 20 , 15 
13/08/2022 10:27:18 a. m. , 20 , 15 
13/08/2022 10:27:18 a. m. , 20 , 15 
13/08/2022 10:27:18 a. m. , 20 , 15 
13/08/2022 10:27:18 a. m. , 20 , 15 
13/08/2022 10:27:18 a. m. , 20 , 15 
13/08/2022 10:27:18 a. m. , 20 , 15 
13/08/2022 10:27:18 a. m. , 20 , 15 
13/08/2022 10:27:18 a. m. , 20 , 15 
13/08/2022 10:27:18 a. m. , 20 , 15 
13/08/2022 10:27:18 a. m. , 20 , 15 
13/08/2022 10:27:18 a. m. , 20 , 15 
13/08/2022 10:27:18 a. m. , 20 , 15 
13/08/2022 10:27:18 a. m. , 20 , 15 
13/08/2022 10:27:18 a. m. , 20 , 15 
13/08/2022 10:27:18 a. m. , 20 , 15 
13/08/2022 10:27:18 a. m. , 20 , 15 
13/08/2022 10:27:18 a. m. , 20 , 15 
13/08/2022 10:27:18 a. m. , 20 , 15 
13/08/2022 10:27:18 a. m. , 20 , 15 
13/08/2022 10:27:18 a. m. , 20 , 15 
13/08/2022 10:27:19 a. m. , 20 , 15 
13/08/2022 10:27:19 a. m. , 20 , 15 
13/08/2022 10:27:19 a. m. , 20 , 15 
13/08/2022 10:27:19 a. m. , 20 , 15 
13/08/2022 10:27:19 a. m. , 20 , 15 
13/08/2022 10:27:19 a. m. , 20 , 15 
13/08/2022 10:27:19 a. m. , 20 , 15 
13/08/2022 10:27:19 a. m. , 20 , 15 
13/08/2022 10:27:19 a. m. , 20 , 15 
13/08/2022 10:27:19 a. m. , 20 , 15 
13/08/2022 10:27:19 a. m. , 20 , 15 
13/08/2022 10:27:19 a. m. , 20 , 15 
13/08/2022 10:27:19 a. m. , 20 , 15 
13/08/2022 10:27:19 a. m. , 20 , 15 
13/08/2022 10:27:19 a. m. , 20 , 15 
13/08/2022 10:27:19 a. m. , 20 , 15 
13/08/2022 10:27:19 a. m. , 20 , 15 
13/08/2022 10:27:19 a. m. , 20 , 15 
13/08/2022 10:27:19 a. m. , 20 , 15 
13/08/2022 10:27:19 a. m. , 20 , 15 
13/08/2022 10:27:20 a. m. , 20 , 15 
13/08/2022 10:27:20 a. m. , 20 , 15 
13/08/2022 10:27:20 a. m. , 20 , 15 
13/08/2022 10:27:20 a. m. , 20 , 15 
13/08/2022 10:27:20 a. m. , 20 , 15 
13/08/2022 10:27:20 a. m. , 20 , 15 
13/08/2022 10:27:20 a. m. , 20 , 15 
13/08/2022 10:27:20 a. m. , 20 , 15 
13/08/2022 10:27:20 a. m. , 20 , 15 
13/08/2022 10:27:20 a. m. , 20 , 15 
13/08/2022 10:27:20 a. m. , 20 , 15 
13/08/2022 10:27:20 a. m. , 20 , 15 
13/08/2022 10:27:20 a. m. , 20 , 15 
13/08/2022 10:27:20 a. m. , 20 , 15 
13/08/2022 10:27:20 a. m. , 20 , 15 
13/08/2022 10:27:20 a. m. , 20 , 15 
13/08/2022 10:27:20 a. m. , 20 , 15 
13/08/2022 10:27:20 a. m. , 20 , 15 
13/08/2022 10:27:20 a. m. , 20 , 15 
13/08/2022 10:27:20 a. m. , 20 , 15 
13/08/2022 10:27:21 a. m. , 20 , 15 
13/08/2022 10:27:21 a. m. , 20 , 15 
13/08/2022 10:27:21 a. m. , 20 , 15 
13/08/2022 10:27:21 a. m. , 20 , 15 
13/08/2022 10:27:21 a. m. , 20 , 15 
13/08/2022 10:27:21 a. m. , 20 , 15 
13/08/2022 10:27:21 a. m. , 20 , 15 
13/08/2022 10:27:21 a. m. , 20 , 15 
13/08/2022 10:27:21 a. m. , 20 , 15 
13/08/2022 10:27:21 a. m. , 20 , 15 
13/08/2022 10:27:21 a. m. , 20 , 15 
13/08/2022 10:27:21 a. m. , 20 , 16 
13/08/2022 10:27:21 a. m. , 20 , 16 
13/08/2022 10:27:21 a. m. , 20 , 16 
13/08/2022 10:27:21 a. m. , 20 , 16 
13/08/2022 10:27:21 a. m. , 20 , 17 
13/08/2022 10:27:21 a. m. , 20 , 16 
13/08/2022 10:27:21 a. m. , 20 , 18 
13/08/2022 10:27:21 a. m. , 20 , 17 
13/08/2022 10:27:21 a. m. , 20 , 18 
13/08/2022 10:27:22 a. m. , 20 , 17 
13/08/2022 10:27:22 a. m. , 20 , 18 
13/08/2022 10:27:22 a. m. , 20 , 18 
13/08/2022 10:27:22 a. m. , 20 , 19 
13/08/2022 10:27:22 a. m. , 20 , 19 
13/08/2022 10:27:22 a. m. , 20 , 19 
13/08/2022 10:27:22 a. m. , 20 , 20 
13/08/2022 10:27:22 a. m. , 20 , 19 
13/08/2022 10:27:22 a. m. , 20 , 20 
13/08/2022 10:27:22 a. m. , 20 , 20 
13/08/2022 10:27:22 a. m. , 20 , 21 
13/08/2022 10:27:22 a. m. , 20 , 20 
13/08/2022 10:27:22 a. m. , 20 , 20 
13/08/2022 10:27:22 a. m. , 20 , 21 
13/08/2022 10:27:22 a. m. , 20 , 20 
13/08/2022 10:27:22 a. m. , 20 , 20 
13/08/2022 10:27:22 a. m. , 20 , 21 
13/08/2022 10:27:22 a. m. , 20 , 21 
13/08/2022 10:27:22 a. m. , 20 , 21 
13/08/2022 10:27:22 a. m. , 20 , 21 
13/08/2022 10:27:23 a. m. , 20 , 21 
13/08/2022 10:27:23 a. m. , 20 , 21 
13/08/2022 10:27:23 a. m. , 20 , 21 
13/08/2022 10:27:23 a. m. , 20 , 22 
13/08/2022 10:27:23 a. m. , 20 , 21 
13/08/2022 10:27:23 a. m. , 20 , 22 
13/08/2022 10:27:23 a. m. , 20 , 21 
13/08/2022 10:27:23 a. m. , 20 , 21 
13/08/2022 10:27:23 a. m. , 20 , 21 
13/08/2022 10:27:23 a. m. , 20 , 21 
13/08/2022 10:27:23 a. m. , 20 , 21 
13/08/2022 10:27:23 a. m. , 20 , 21 
13/08/2022 10:27:23 a. m. , 20 , 21 
13/08/2022 10:27:23 a. m. , 20 , 21 
13/08/2022 10:27:23 a. m. , 20 , 21 
13/08/2022 10:27:23 a. m. , 20 , 21 
13/08/2022 10:27:23 a. m. , 20 , 21 
13/08/2022 10:27:23 a. m. , 20 , 21 
13/08/2022 10:27:23 a. m. , 20 , 21 
13/08/2022 10:27:23 a. m. , 20 , 21 
13/08/2022 10:27:24 a. m. , 20 , 21 
13/08/2022 10:27:24 a. m. , 20 , 21 
13/08/2022 10:27:24 a. m. , 20 , 21 
13/08/2022 10:27:24 a. m. , 20 , 21 
13/08/2022 10:27:24 a. m. , 20 , 21 
13/08/2022 10:27:24 a. m. , 20 , 21 
13/08/2022 10:27:24 a. m. , 20 , 21 
13/08/2022 10:27:24 a. m. , 20 , 21 
13/08/2022 10:27:24 a. m. , 20 , 22 
13/08/2022 10:27:24 a. m. , 20 , 21 
13/08/2022 10:27:24 a. m. , 20 , 22 
13/08/2022 10:27:24 a. m. , 20 , 21 
13/08/2022 10:27:24 a. m. , 20 , 21 
13/08/2022 10:27:24 a. m. , 20 , 21 
13/08/2022 10:27:24 a. m. , 20 , 21 
13/08/2022 10:27:24 a. m. , 20 , 21 
13/08/2022 10:27:24 a. m. , 20 , 21 
13/08/2022 10:27:24 a. m. , 20 , 21 
13/08/2022 10:27:24 a. m. , 20 , 22 
13/08/2022 10:27:24 a. m. , 20 , 22 
13/08/2022 10:27:25 a. m. , 20 , 21 
13/08/2022 10:27:25 a. m. , 20 , 21 
13/08/2022 10:27:25 a. m. , 20 , 21 
13/08/2022 10:27:25 a. m. , 20 , 21 
13/08/2022 10:27:25 a. m. , 20 , 21 
13/08/2022 10:27:25 a. m. , 20 , 21 
13/08/2022 10:27:25 a. m. , 20 , 21 
13/08/2022 10:27:25 a. m. , 20 , 21 
13/08/2022 10:27:25 a. m. , 20 , 22 
13/08/2022 10:27:25 a. m. , 20 , 21 
13/08/2022 10:27:25 a. m. , 20 , 22 
13/08/2022 10:27:25 a. m. , 20 , 21 
13/08/2022 10:27:25 a. m. , 20 , 21 
13/08/2022 10:27:25 a. m. , 20 , 21 
13/08/2022 10:27:25 a. m. , 20 , 21 
13/08/2022 10:27:25 a. m. , 20 , 21 
13/08/2022 10:27:25 a. m. , 20 , 22 
13/08/2022 10:27:25 a. m. , 20 , 21 
13/08/2022 10:27:25 a. m. , 20 , 21 
13/08/2022 10:27:25 a. m. , 20 , 21 
13/08/2022 10:27:26 a. m. , 20 , 21 
13/08/2022 10:27:26 a. m. , 20 , 21 
13/08/2022 10:27:26 a. m. , 20 , 21 
13/08/2022 10:27:26 a. m. , 20 , 21 
13/08/2022 10:27:26 a. m. , 20 , 21 
13/08/2022 10:27:26 a. m. , 20 , 21 
13/08/2022 10:27:26 a. m. , 20 , 22 
13/08/2022 10:27:26 a. m. , 20 , 22 
13/08/2022 10:27:26 a. m. , 20 , 21 
13/08/2022 10:27:26 a. m. , 20 , 21 
13/08/2022 10:27:26 a. m. , 20 , 21 
13/08/2022 10:27:26 a. m. , 20 , 21 
13/08/2022 10:27:26 a. m. , 20 , 21 
13/08/2022 10:27:26 a. m. , 20 , 21 
13/08/2022 10:27:26 a. m. , 20 , 21 
13/08/2022 10:27:26 a. m. , 20 , 21 
13/08/2022 10:27:26 a. m. , 20 , 21 
13/08/2022 10:27:26 a. m. , 20 , 22 
13/08/2022 10:27:26 a. m. , 20 , 22 
13/08/2022 10:27:26 a. m. , 20 , 22 
13/08/2022 10:27:27 a. m. , 20 , 21 
13/08/2022 10:27:27 a. m. , 20 , 21 
13/08/2022 10:27:27 a. m. , 20 , 21 
13/08/2022 10:27:27 a. m. , 20 , 21 
13/08/2022 10:27:27 a. m. , 20 , 21 
13/08/2022 10:27:27 a. m. , 20 , 21 
13/08/2022 10:27:27 a. m. , 20 , 21 
13/08/2022 10:27:27 a. m. , 20 , 21 
13/08/2022 10:27:27 a. m. , 20 , 21 
13/08/2022 10:27:27 a. m. , 20 , 22 
13/08/2022 10:27:27 a. m. , 20 , 21 
13/08/2022 10:27:27 a. m. , 20 , 21 
13/08/2022 10:27:27 a. m. , 20 , 21 
13/08/2022 10:27:27 a. m. , 20 , 21 
13/08/2022 10:27:27 a. m. , 20 , 21 
13/08/2022 10:27:27 a. m. , 20 , 21 
13/08/2022 10:27:27 a. m. , 20 , 21 
13/08/2022 10:27:27 a. m. , 20 , 21 
13/08/2022 10:27:27 a. m. , 20 , 21 
13/08/2022 10:27:27 a. m. , 20 , 21 
13/08/2022 10:27:28 a. m. , 20 , 21 
13/08/2022 10:27:28 a. m. , 20 , 21 
13/08/2022 10:27:28 a. m. , 20 , 21 
13/08/2022 10:27:28 a. m. , 20 , 21 
13/08/2022 10:27:28 a. m. , 20 , 21 
13/08/2022 10:27:28 a. m. , 20 , 21 
13/08/2022 10:27:28 a. m. , 20 , 21 
13/08/2022 10:27:28 a. m. , 20 , 21 
13/08/2022 10:27:28 a. m. , 20 , 21 
13/08/2022 10:27:28 a. m. , 20 , 21 
13/08/2022 10:27:28 a. m. , 20 , 21 
13/08/2022 10:27:28 a. m. , 20 , 21 
13/08/2022 10:27:28 a. m. , 20 , 21 
13/08/2022 10:27:28 a. m. , 20 , 21 
13/08/2022 10:27:28 a. m. , 20 , 21 
13/08/2022 10:27:28 a. m. , 20 , 21 
13/08/2022 10:27:28 a. m. , 20 , 21 
13/08/2022 10:27:28 a. m. , 20 , 21 
13/08/2022 10:27:28 a. m. , 20 , 21 
13/08/2022 10:27:28 a. m. , 20 , 21 
13/08/2022 10:27:29 a. m. , 20 , 21 
13/08/2022 10:27:29 a. m. , 20 , 21 
13/08/2022 10:27:29 a. m. , 20 , 21 
13/08/2022 10:27:29 a. m. , 20 , 22 
13/08/2022 10:27:29 a. m. , 20 , 22 
13/08/2022 10:27:29 a. m. , 20 , 22 
13/08/2022 10:27:29 a. m. , 20 , 22 
13/08/2022 10:27:29 a. m. , 20 , 21 
13/08/2022 10:27:29 a. m. , 20 , 21 
13/08/2022 10:27:29 a. m. , 20 , 21 
13/08/2022 10:27:29 a. m. , 20 , 21 
13/08/2022 10:27:29 a. m. , 20 , 20 
13/08/2022 10:27:29 a. m. , 20 , 21 
13/08/2022 10:27:29 a. m. , 20 , 20 
13/08/2022 10:27:29 a. m. , 20 , 21 
13/08/2022 10:27:29 a. m. , 20 , 19 
13/08/2022 10:27:29 a. m. , 20 , 20 
13/08/2022 10:27:29 a. m. , 20 , 20 
13/08/2022 10:27:29 a. m. , 20 , 19 
13/08/2022 10:27:29 a. m. , 20 , 19 
13/08/2022 10:27:30 a. m. , 20 , 19 
13/08/2022 10:27:30 a. m. , 20 , 19 
13/08/2022 10:27:30 a. m. , 20 , 18 
13/08/2022 10:27:30 a. m. , 20 , 17 
13/08/2022 10:27:30 a. m. , 20 , 17 
13/08/2022 10:27:30 a. m. , 20 , 16 
13/08/2022 10:27:30 a. m. , 20 , 16 
13/08/2022 10:27:30 a. m. , 20 , 15 
13/08/2022 10:27:30 a. m. , 20 , 15 
13/08/2022 10:27:30 a. m. , 20 , 15 
13/08/2022 10:27:30 a. m. , 20 , 15 
13/08/2022 10:27:30 a. m. , 20 , 15 
13/08/2022 10:27:30 a. m. , 20 , 14 
13/08/2022 10:27:30 a. m. , 20 , 15 
13/08/2022 10:27:30 a. m. , 20 , 14 
13/08/2022 10:27:30 a. m. , 20 , 14 
13/08/2022 10:27:30 a. m. , 20 , 14 
13/08/2022 10:27:30 a. m. , 20 , 14 
13/08/2022 10:27:30 a. m. , 20 , 14 
13/08/2022 10:27:30 a. m. , 20 , 15 
13/08/2022 10:27:31 a. m. , 20 , 14 
13/08/2022 10:27:31 a. m. , 20 , 15 
13/08/2022 10:27:31 a. m. , 20 , 14 
13/08/2022 10:27:31 a. m. , 20 , 15 
13/08/2022 10:27:31 a. m. , 20 , 16 
13/08/2022 10:27:31 a. m. , 20 , 16 
13/08/2022 10:27:31 a. m. , 20 , 16 
13/08/2022 10:27:31 a. m. , 20 , 17 
13/08/2022 10:27:31 a. m. , 20 , 17 
13/08/2022 10:27:31 a. m. , 20 , 18 
13/08/2022 10:27:31 a. m. , 20 , 19 
13/08/2022 10:27:31 a. m. , 20 , 19 
13/08/2022 10:27:31 a. m. , 20 , 19 
13/08/2022 10:27:31 a. m. , 20 , 20 
13/08/2022 10:27:31 a. m. , 20 , 21 
13/08/2022 10:27:31 a. m. , 28 , 21 
13/08/2022 10:27:31 a. m. , 28 , 20 
13/08/2022 10:27:31 a. m. , 28 , 20 
13/08/2022 10:27:31 a. m. , 28 , 20 
13/08/2022 10:27:31 a. m. , 28 , 20 
13/08/2022 10:27:32 a. m. , 28 , 19 
13/08/2022 10:27:32 a. m. , 28 , 20 
13/08/2022 10:27:32 a. m. , 28 , 19 
13/08/2022 10:27:32 a. m. , 28 , 19 
13/08/2022 10:27:32 a. m. , 28 , 19 
13/08/2022 10:27:32 a. m. , 28 , 19 
13/08/2022 10:27:32 a. m. , 28 , 19 
13/08/2022 10:27:32 a. m. , 28 , 19 
13/08/2022 10:27:32 a. m. , 28 , 19 
13/08/2022 10:27:32 a. m. , 28 , 19 
13/08/2022 10:27:32 a. m. , 28 , 19 
13/08/2022 10:27:32 a. m. , 28 , 19 
13/08/2022 10:27:32 a. m. , 28 , 20 
13/08/2022 10:27:32 a. m. , 28 , 20 
13/08/2022 10:27:32 a. m. , 28 , 19 
13/08/2022 10:27:32 a. m. , 28 , 19 
13/08/2022 10:27:32 a. m. , 28 , 19 
13/08/2022 10:27:32 a. m. , 28 , 20 
13/08/2022 10:27:32 a. m. , 28 , 20 
13/08/2022 10:27:32 a. m. , 28 , 20 
13/08/2022 10:27:33 a. m. , 28 , 20 
13/08/2022 10:27:33 a. m. , 28 , 21 
13/08/2022 10:27:33 a. m. , 28 , 20 
13/08/2022 10:27:33 a. m. , 28 , 20 
13/08/2022 10:27:33 a. m. , 28 , 20 
13/08/2022 10:27:33 a. m. , 28 , 20 
13/08/2022 10:27:33 a. m. , 28 , 21 
13/08/2022 10:27:33 a. m. , 28 , 21 
13/08/2022 10:27:33 a. m. , 28 , 21 
13/08/2022 10:27:33 a. m. , 28 , 21 
13/08/2022 10:27:33 a. m. , 28 , 21 
13/08/2022 10:27:33 a. m. , 28 , 20 
13/08/2022 10:27:33 a. m. , 28 , 20 
13/08/2022 10:27:33 a. m. , 28 , 20 
13/08/2022 10:27:33 a. m. , 28 , 20 
13/08/2022 10:27:33 a. m. , 28 , 20 
13/08/2022 10:27:33 a. m. , 28 , 20 
13/08/2022 10:27:33 a. m. , 28 , 20 
13/08/2022 10:27:33 a. m. , 28 , 20 
13/08/2022 10:27:33 a. m. , 28 , 20 
13/08/2022 10:27:34 a. m. , 28 , 21 
13/08/2022 10:27:34 a. m. , 28 , 20 
13/08/2022 10:27:34 a. m. , 28 , 20 
13/08/2022 10:27:34 a. m. , 28 , 20 
13/08/2022 10:27:34 a. m. , 28 , 20 
13/08/2022 10:27:34 a. m. , 28 , 20 
13/08/2022 10:27:34 a. m. , 28 , 21 
13/08/2022 10:27:34 a. m. , 28 , 21 
13/08/2022 10:27:34 a. m. , 28 , 20 
13/08/2022 10:27:34 a. m. , 28 , 21 
13/08/2022 10:27:34 a. m. , 28 , 20 
13/08/2022 10:27:34 a. m. , 28 , 20 
13/08/2022 10:27:34 a. m. , 28 , 20 
13/08/2022 10:27:34 a. m. , 28 , 20 
13/08/2022 10:27:34 a. m. , 28 , 20 
13/08/2022 10:27:34 a. m. , 28 , 20 
13/08/2022 10:27:34 a. m. , 28 , 20 
13/08/2022 10:27:34 a. m. , 28 , 20 
13/08/2022 10:27:34 a. m. , 28 , 21 
13/08/2022 10:27:34 a. m. , 28 , 20 
13/08/2022 10:27:35 a. m. , 28 , 20 
13/08/2022 10:27:35 a. m. , 28 , 21 
13/08/2022 10:27:35 a. m. , 28 , 20 
13/08/2022 10:27:35 a. m. , 28 , 20 
13/08/2022 10:27:35 a. m. , 28 , 21 
13/08/2022 10:27:35 a. m. , 28 , 21 
13/08/2022 10:27:35 a. m. , 28 , 20 
13/08/2022 10:27:35 a. m. , 28 , 20 
13/08/2022 10:27:35 a. m. , 28 , 20 
13/08/2022 10:27:35 a. m. , 28 , 21 
13/08/2022 10:27:35 a. m. , 28 , 22 
13/08/2022 10:27:35 a. m. , 28 , 22 
13/08/2022 10:27:35 a. m. , 28 , 22 
13/08/2022 10:27:35 a. m. , 28 , 23 
13/08/2022 10:27:35 a. m. , 28 , 24 
13/08/2022 10:27:35 a. m. , 28 , 24 
13/08/2022 10:27:35 a. m. , 28 , 25 
13/08/2022 10:27:35 a. m. , 28 , 25 
13/08/2022 10:27:35 a. m. , 28 , 25 
13/08/2022 10:27:35 a. m. , 28 , 25 
13/08/2022 10:27:36 a. m. , 28 , 26 
13/08/2022 10:27:36 a. m. , 28 , 26 
13/08/2022 10:27:36 a. m. , 28 , 26 
13/08/2022 10:27:36 a. m. , 28 , 25 
13/08/2022 10:27:36 a. m. , 28 , 26 
13/08/2022 10:27:36 a. m. , 28 , 26 
13/08/2022 10:27:36 a. m. , 28 , 25 
13/08/2022 10:27:36 a. m. , 28 , 26 
13/08/2022 10:27:36 a. m. , 28 , 26 
13/08/2022 10:27:36 a. m. , 28 , 26 
13/08/2022 10:27:36 a. m. , 28 , 26 
13/08/2022 10:27:36 a. m. , 28 , 26 
13/08/2022 10:27:36 a. m. , 28 , 27 
13/08/2022 10:27:36 a. m. , 28 , 27 
13/08/2022 10:27:36 a. m. , 28 , 28 
13/08/2022 10:27:36 a. m. , 28 , 28 
13/08/2022 10:27:36 a. m. , 28 , 29 
13/08/2022 10:27:36 a. m. , 28 , 28 
13/08/2022 10:27:36 a. m. , 28 , 29 
13/08/2022 10:27:36 a. m. , 28 , 29 
13/08/2022 10:27:37 a. m. , 28 , 29 
13/08/2022 10:27:37 a. m. , 28 , 29 
13/08/2022 10:27:37 a. m. , 28 , 29 
13/08/2022 10:27:37 a. m. , 28 , 29 
13/08/2022 10:27:37 a. m. , 28 , 29 
13/08/2022 10:27:37 a. m. , 28 , 29 
13/08/2022 10:27:37 a. m. , 28 , 29 
13/08/2022 10:27:37 a. m. , 28 , 28 
13/08/2022 10:27:37 a. m. , 28 , 29 
13/08/2022 10:27:37 a. m. , 28 , 29 
13/08/2022 10:27:37 a. m. , 28 , 29 
13/08/2022 10:27:37 a. m. , 28 , 29 
13/08/2022 10:27:37 a. m. , 28 , 29 
13/08/2022 10:27:37 a. m. , 28 , 29 
13/08/2022 10:27:37 a. m. , 28 , 29 
13/08/2022 10:27:37 a. m. , 28 , 29 
13/08/2022 10:27:37 a. m. , 28 , 29 
13/08/2022 10:27:37 a. m. , 28 , 29 
